id;name;introduce;class_time
1;Dollar Peru Innovative;infomediaries Specialist;2022-04-30T01:58:06
2;embrace;Ergonomic Sausages niches;2022-04-29T10:32:05
3;transition Tasty Configuration;deposit systems compressing;2022-04-30T03:28:23
4;Refined users;è·¯ Toys;2022-04-29T23:03:21
5;Bedfordshire override EXE;Steel Concrete Table;2022-04-30T05:32:35
6;ROI;Gorgeous bandwidth;2022-04-29T08:10:44
7;neural Soap Account;Kids;2022-04-29T11:17:07
8;invoice withdrawal;Bhutan Optimized payment;2022-04-29T23:20:14
9;neural-net Avon Car;withdrawal;2022-04-29T10:07:50
10;solution invoice;transmit back-end;2022-04-30T03:21:30
